P1050944	Baboons	http://www.youtube.com/watch?v=dTmBjplwOG0&feature=youtube_gdata_player	Three baboons (male, female and child) at the Samburu National Park camping site. Later the camera turns to show a tourist in a white T-shirt that says "TERE!".	africa, kenya, samburu, baboon	67	21239
P1060159	Riding on a truck through Ugandan villages	http://www.youtube.com/watch?v=cuaNcjOojWc&feature=youtube_gdata_player	Riding on a small truck through Ugandan villages and waving to kids by the roadside. This area (maybe even the same road) is featured in the film "The Last King of Scotland".	africa, uganda, bujagali, village, children	78	166
P1060583	Twa dance	http://www.youtube.com/watch?v=B9mu9xq8_Ec&feature=youtube_gdata_player	Twa people singing and dancing in a Twa village close to Ruhengeri, Rwanda	africa, rwanda, twa, singing, dancing	54	822
P1060452	Guhonda greets Francois	http://www.youtube.com/watch?v=vu19sAoGpcw&feature=youtube_gdata_player	Silverback Guhonda from the Sabyinyo family (aggressively) greets Francois the Gorilla trekking guide (37sec into the movie).	rwanda, volcanoes, gorilla	133	687
P1070293	Masai jumping	http://www.youtube.com/watch?v=ZfAs8iomyv8&feature=youtube_gdata_player	Masai men singing and jumping in a Masai village close to Masai Mara.	africa, keyna, masai, masai-mara, singing, jumping	67	429
P1070301	Masai women singing and dancing	http://www.youtube.com/watch?v=UumR4aiFYqA&feature=youtube_gdata_player	Masai women singing and dancing in a Masai village close to Masai Mara.	africa, kenya, masai, masai-mara, singing, dancing	47	242
P1060097	Roadside in Eldoret, Kenya	http://www.youtube.com/watch?v=BopdDTQGi-c&feature=youtube_gdata_player	Driving through Eldoret on a large yellow truck.	africa, kenya, eldoret, roadside	118	1403
P1050758	Samburu women singing a welcome song	http://www.youtube.com/watch?v=qEKvdRRYPVg&feature=youtube_gdata_player	Samburu women (of the Umoja village) singing a welcome song to a bunch of visitors. See also en.wikipedia.org	africa, kenya, samburu, umoja, song, greeting, welcome	72	427
P1070329	Masai men making fire	http://www.youtube.com/watch?v=ISMHOI_KeX8&feature=youtube_gdata_player	Masai men making fire without using matches.	africa, kenya, masai, masai-mara, fire	118	97
P1050877	Elephants	http://www.youtube.com/watch?v=BuPxpnlXYQo&feature=youtube_gdata_player	Elephants at the Samburu National Park	africa, kenya, samburu, elephant	85	39
P1050858	Elephants and their babies	http://www.youtube.com/watch?v=xN4pR69hPi8&feature=youtube_gdata_player	Elephants and their babies walking and eating in the Samburu National Park	africa, kenya, samburu, elephant	72	77
P1050644	Kilimanjaro Song	http://www.youtube.com/watch?v=6g4_RpxumUY&feature=youtube_gdata_player	Kilimanjaro Song performed by Duma Explorers (www.dumaexplorer.com	kilimanjaro, mweka, machame_route	116	115
P1060587	Twa dance	http://www.youtube.com/watch?v=YtPlXimZquc&feature=youtube_gdata_player	Twa people singing and dancing in a Twa village close to Ruhengeri, Rwanda	africa, rwanda, twa, singing, dancing	40	190
P1060944	Flamingos flying	http://www.youtube.com/watch?v=aMyH-mwYMww&feature=youtube_gdata_player	Flamingos at Lake Nakuru	kenya	11	301
P1050790	Samburu schoolchildren singing	http://www.youtube.com/watch?v=LWIfGpngv9Q&feature=youtube_gdata_player	Samburu schoolchildren singing and later dancing a bit at the school at the Umoja village.	africa, kenya, samburu, umoja, children, school, singing	54	50
P1050596	Kilimanjaro porters pitching the dining tent	http://www.youtube.com/watch?v=QpbJjpfkCRw&feature=youtube_gdata_player		tanzania, kilimanjaro, machame_route	47	62
P1060588	Twa dance	http://www.youtube.com/watch?v=3TGFisgNINM&feature=youtube_gdata_player	Twa people singing and dancing in a Twa village close to Ruhengeri, Rwanda	africa, rwanda, twa, singing, dancing	72	449
P1050574	Kilimanjaro porters climbing the Barranco wall	http://www.youtube.com/watch?v=Y9iwpNMtbHk&feature=youtube_gdata_player		tanzania, kilimanjaro, machame, barranco	31	472
P1100978	Giraffe running by the fence of a ranch	http://www.youtube.com/watch?v=Sny90FANXpA&feature=youtube_gdata_player	Giraffe running along the road (next to the truck from where the whole event is filmed), then stopping and stepping over the fence, going back (?) into the farm. (The stepping event was unfortunately not captured.) Much of Namibia has been segmented into farms/ranches the borders of which are marked by fences. Occasional gates lead into the farm where its main buildings sometimes 10km off the road. Animals cope with the fences by either stepping over or crawling under them.	namibia	24	95
P1070501	Cheetah mom teaching her cub to hunt	http://www.youtube.com/watch?v=e1HYt0-PA3I&feature=youtube_gdata_player	Two cheetahs (mother and cub) walking and later running on the road. Many safari trucks following them. In the background: zebra and wildebeest.	kenya, masai_mara	43	51
P1100694	Banded mongooses at the Etosha NP	http://www.youtube.com/watch?v=4MDOCU8QsZ0&feature=youtube_gdata_player	Banded mongooses at the Etosha National Park campsite	namibia	59	18
P1060420	Mountain gorilla babies wrestling with each other	http://www.youtube.com/watch?v=T_LTqWBu31A&feature=youtube_gdata_player	Mountain gorillas from the Sabyinyo family at the Volcanoes National Park	africa, rwanda, volcanoes, gorilla, baby	49	83
P1050665	Arusha, early morning traffic	http://www.youtube.com/watch?v=ArnssB-3DYY&feature=youtube_gdata_player	Filmed from the rooftop bar of the hostel Arusha Backpackers	tanzania, arusha, traffic, dog	84	199
P1050292	Travelling along the Nairobi-Arusha road	http://www.youtube.com/watch?v=_Czug2NdM4E&feature=youtube_gdata_player	The Nairobi-Arusha road is one of the worst roads in both Kenya and Tanzania.	kenya, tanzania	40	96
P1090370	Elephant scratching itself	http://www.youtube.com/watch?v=IslsaNQWh7g&feature=youtube_gdata_player	Elephant scratching itself against a tree at the South Luangwa National Park	zambia	25	21
P1060320	Bicycle race in Kampala	http://www.youtube.com/watch?v=Aw2KP7Pyni4&feature=youtube_gdata_player	Bicycle race in Kampala	africa, uganda, kampala, bicycle, race	12	115
P1110013	Tug-of-war with a cheetah cub	http://www.youtube.com/watch?v=JwO2G9NOyIw&feature=youtube_gdata_player	Playing with a cheetah cub at the Cheetah Park.	namibia	48	43
P1110314	Little bird	http://www.youtube.com/watch?v=nRrsPoS8yO0&feature=youtube_gdata_player	A little bird living its life in the middle of a noisy seal colony, Cape Cross	namibia	27	8
P1050768	Tourists dancing together with Samburu women	http://www.youtube.com/watch?v=oQ7aYfyUMp8&feature=youtube_gdata_player		kenya, samburu, umoja	34	83
P1050765	Samburu women singing	http://www.youtube.com/watch?v=rBPuFW3Mx1E&feature=youtube_gdata_player	Samburu women (of the Umoja village) singing and dancing. The song is about comparing how many cows each of the women has (if I remember correctly). See also en.wikipedia.org	africa, kenya, samburu, umoja	134	179
P1110925	Packing Crowned Crane	http://www.youtube.com/watch?v=0VYm6ive3HU&feature=youtube_gdata_player	Last time packing Crowned Crane, the tent that we previously slept in for ±70 days (and that we had to put up every evening and pack up every morning). In the background: smell of orange trees (not recorded).	south_africa	276	14
P1110040	Cheetahs eating liver	http://www.youtube.com/watch?v=Vq_kLcZk4ig&feature=youtube_gdata_player	Three domesticated cheetahs having lunch (donkey liver?) at Cheetah Park, Namibia	namibia	72	186
P1050291	Travelling along the Nairobi-Arusha road	http://www.youtube.com/watch?v=_ldyh1tIKOQ&feature=youtube_gdata_player	First day in Africa, getting to know the local road conditions.	kenya, tanzania	50	139
P1080024	Traffic in Arusha	http://www.youtube.com/watch?v=SCLie8zIGyk&feature=youtube_gdata_player	Filmed from a car when driving into Arusha	tanzania	21	28
P1060478	Mountain gorillas	http://www.youtube.com/watch?v=zaQD8GcAt3c&feature=youtube_gdata_player	Mountain gorillas from the Sabyinyo family at the Volcanoes National Park.	africa, rwanda, volcanoes, gorillas	31	25
P1070478	Cheetahs, zebras and wildebeest in Masai Mara	http://www.youtube.com/watch?v=LXvs7d6Ax2w&feature=youtube_gdata_player	Cheetahs observing zebras and wildebeest in Masai Mara.	kenya	170	41
P1110352	Seals of Cape Cross	http://www.youtube.com/watch?v=QDwcjF7Fcgo&feature=youtube_gdata_player	First the camera focuses on a babyseal (who is looking for its mommy?). Then the camera zooms out and shows the whole seal colony resting on the beach and swimming (hunting?) in the sea. Cape Cross, Namibia	namibia, cape_cross	114	5
P1070302	Masai women singing and dancing	http://www.youtube.com/watch?v=OEQ4DsLE5nc&feature=youtube_gdata_player	Masai women standing and walking in one line, singing and dancing in a Masai village close to Masai Mara.	africa, kenya, masai, masai-mara, singing, dancing	34	124
P1100149	Playing with Zambian schoolchildren	http://www.youtube.com/watch?v=Sg2G1IF9HR4&feature=youtube_gdata_player	Playing with Zambian children and singing "Old MacDonald had a farm" in the yard of a small school in Livingstone	zambia	36	18
P1060107	School children singing	http://www.youtube.com/watch?v=998dyI0pkGA&feature=youtube_gdata_player	Pre-school children and their teacher singing a greeting song to greet a bunch of mzungus: "We are happy to see you today..."	africa, uganda, bujagali, school, children	26	37
P1060600	Twa dance	http://www.youtube.com/watch?v=6cQsH1p6RgE&feature=youtube_gdata_player	A group of villagers are dancing around a Western girl. A man in a red T-shirt is making low-frequency sounds using a large pot.	rwanda	27	40
P1070500	Cheetah looking at running animals	http://www.youtube.com/watch?v=pBnnsZxaMaw&feature=youtube_gdata_player	Cheetah looking at running zebras and wildebeest at Masai Mara	kenya	12	8
P1100242	Kayakers and rafters in Zambezi	http://www.youtube.com/watch?v=7IUyC6AI3xk&feature=youtube_gdata_player	Kayakers and rafters in the rapids of middle Zambezi, just after the Victoria Falls	zambia	97	14
P1100241	Victoria Falls and the rafters on Zambezi	http://www.youtube.com/watch?v=92eEJYrr8Uw&feature=youtube_gdata_player	Victoria Falls, Zambezi, boiling pot, rapid number 1, white-water rafters getting ready	zambia	83	17
P1060260	Boda-boda ride in Jinja	http://www.youtube.com/watch?v=CoQCJTHiCRo&feature=youtube_gdata_player	Boda-boda ride in Jinja	africa, uganda, jinja, boda-boda	21	74
P1050670		http://www.youtube.com/watch?v=z3bjpBW9ZI8&feature=youtube_gdata_player	TODO: add location	traffic	53	20
P1070287	Masai men singing and dancing	http://www.youtube.com/watch?v=wm-_7t-T-mM&feature=youtube_gdata_player	Masai men singing and dancing next to a large yellow truck in a Masai village close to Masai Mara.	africa, kenya, masai, masai-mara, singing, dancing	61	113
P1060118	Children singing	http://www.youtube.com/watch?v=4WSs9fRExYY&feature=youtube_gdata_player	Pre-school children singing in a school close to Bujagali.	africa, uganda, bujagali, school, children, singing	68	19
P1050748	Baboon family eating	http://www.youtube.com/watch?v=LCld4UreaG4&feature=youtube_gdata_player	Baboon family eating at the Bantu Lodge campsite in central Kenya.	africa, kenya, baboon, eating	31	181
P1090284	Lions and a safari truck	http://www.youtube.com/watch?v=kE5nwwoOnPk&feature=youtube_gdata_player	A lion family walking very close by a safari truck at South Luangwa National Park	zambia	34	37
P1060246	Kingfisher fishing on Source of Nile	http://www.youtube.com/watch?v=BkJ-_WSf2V8&feature=youtube_gdata_player	Kingfisher fishing on Source of Nile, close to Lake Victoria, Jinja, Uganda	africa, uganda, jinja, nile, kingfisher, fishing	36	139
P1050994	Two ostriches browsing	http://www.youtube.com/watch?v=8bNoHkkz8mA&feature=youtube_gdata_player	Two ostriches browsing at the Samburu National Park	africa, kenya, samburu, ostrich, eating	27	36
P1060004	Zebra, oryx, and ostrich walking	http://www.youtube.com/watch?v=4FTdQy8H7Uc&feature=youtube_gdata_player	Zebra, oryx, and ostrich walking in the Samburu National Park	africa, kenya, samburu, zebra, oryx, ostrich, walking	25	95
P1110313	Cape Cross and its sealcolony	http://www.youtube.com/watch?v=jJBhdA3lm9Q&feature=youtube_gdata_player		namibia	57	6
P1110402	Musical restaurant staff	http://www.youtube.com/watch?v=bPJsCgOT4GU&feature=youtube_gdata_player	Restaurant staff singing and dancing to entertain their guests, a restaurant in Swakopmund	namibia	34	14
P1060928	Flamingos and buffalo at Lake Nakuru	http://www.youtube.com/watch?v=R8AX0-fOFdo&feature=youtube_gdata_player	Afternoon gamedrive @ Lake Nakuru park: flamingos, buffalo, and some flying birds (pelicans?)	kenya	54	8
P1120139	Khayelitsha United Mambazo	http://www.youtube.com/watch?v=G8sMvgEZAm4&feature=youtube_gdata_player	Khayelitsha United Mambazo performing at the V&A Waterfront in Cape Town	south_africa, cape_town	39	72
P1060412	Mountain gorilla baby	http://www.youtube.com/watch?v=-raiD4HlJdg&feature=youtube_gdata_player	Mountain gorillas from the Sabyinyo family at the Volcanoes National Park.	africa, rwanda, volcanoes, gorilla, baby	28	57
P1090280	Playful lion cubs	http://www.youtube.com/watch?v=GD24LZtsj3o&feature=youtube_gdata_player	Observing lion cubs at South Luangwa.	zambia	18	27
P1080599	Red colobus monkey at Jozani NP	http://www.youtube.com/watch?v=PdXJzBiNiwM&feature=youtube_gdata_player	Observing a red colobus monkey who is sitting on the top of a tree and scratching itself. The Jozani national park is famous for its red colobus monkeys who only live on Zanzibar (although some subspecies of red colobus also live on mainland Tanzania). Colobus monkeys do not have thumbs on their front legs. They don't eat ripe fruits because they cannot digest sugar. They like to eat charcoal possibly to bind toxins contained in some of the plants whose leaves they eat.	tanzania, zanzibar	56	18
P1110435	Sandboarding	http://www.youtube.com/watch?v=G3GsxIQIwhs&feature=youtube_gdata_player	Riding down a sandy slope close to Swakopmund	namibia	32	11
P1060611	People by the road in the sunlight	http://www.youtube.com/watch?v=W23lMkNM1DQ&feature=youtube_gdata_player	Views from a large yellow truck riding from Ruhengeri to Kigali, Rwanda	rwanda	25	7
P1100458	Mokoro ride in the Okavango Delta	http://www.youtube.com/watch?v=yBANxrA-Jjw&feature=youtube_gdata_player		botswana, okavango_delta	18	6
P1120129	Advertising	http://www.youtube.com/watch?v=T45_B6D2rTE&feature=youtube_gdata_player	A group of young people advertising something (burgers?), close to V&A Waterfront, Cape Town	south_africa	27	10
P1100584	Guy riding a horse	http://www.youtube.com/watch?v=PR0vlhw_OWw&feature=youtube_gdata_player	Roadside of Botswana. Driving by a guy on a horse (at the very end of the video).	botswana	29	7
P1070959	Buffalo crossing	http://www.youtube.com/watch?v=p-hrza4gpAQ&feature=youtube_gdata_player	A herd of buffalo observed in the Ngorongoro Crater	tanzania	35	2
P1050992	Two giraffes getting ready to neck	http://www.youtube.com/watch?v=f5_PeHAnEvg&feature=youtube_gdata_player	Two giraffes getting ready to neck at the Samburu National Park	africa, kenya, samburu, giraffe, necking	31	28
P1100718	Elephant in a water hole	http://www.youtube.com/watch?v=nCV3XtMHwVg&feature=youtube_gdata_player	Elephant drinking water at the Etosha National Park	namibia	24	13
P1100507	Learning poling in the Okavango Delta	http://www.youtube.com/watch?v=sq0v08TqvVc&feature=youtube_gdata_player	Tourists are learning to pole the mokoro boat in the Okavango Delta	botswana	46	18
P1110744	Walking down Dune 45	http://www.youtube.com/watch?v=RdBnlekKkys&feature=youtube_gdata_player	A man walking downhill from the top of Dune 45, close to Sossusvlei	namibia	17	22
P1100738	Giraffes by a waterhole	http://www.youtube.com/watch?v=Vh1GCuGln2A&feature=youtube_gdata_player	Giraffes drinking water at the Etosha National Park. Note that it is very difficult to drink water if your head is positioned so high above the ground.	namibia	30	21
P1100631	Running man	http://www.youtube.com/watch?v=JE919InqSHo&feature=youtube_gdata_player		namibia	6	13
P1110198	Bugs	http://www.youtube.com/watch?v=qut3jel7_es&feature=youtube_gdata_player	Bugs at Brandberg	namibia	16	9
P1060939	Flamingos eating	http://www.youtube.com/watch?v=kJjJL6WcZDQ&feature=youtube_gdata_player	Flamingos at Lake Nakuru	kenya	14	13
P1100262	Freefalling into the gorge from the Zambia-Zimbabwe bridge	http://www.youtube.com/watch?v=MpwOb-tHGSo&feature=youtube_gdata_player	Observing a gorge-swinger from the bridge at Victoria Falls that connects Zambia to Zimbabwe	zambia	17	10
P1240590	Picking up a sea cucumber	http://www.youtube.com/watch?v=CnhYmoUYwFk&feature=youtube_gdata_player	Sea cucumbers are echinoderms from the class Holothuroidea. They are marine animals with a leathery skin and an elongated body containing a single, branched gonad. When picked up from the water and squeezed, the cucumber emits water and becomes stiff.	french_polynesia, huahine	46	4443
P1340156	Landmine victims playing Cambodian music	http://www.youtube.com/watch?v=b1KMt8KhOeo&feature=youtube_gdata_player		cambodia	57	214
P1330792	Boiling the cocoons of the silk worms	http://www.youtube.com/watch?v=K_A96oIZsbY&feature=youtube_gdata_player	The cocoons of the silk worms are boiled in order to extract the silk thread. The remaining worms are then eaten. Angkor Silk Farm, close to Puok, 15km west from Siem Reap.	cambodia	22	714
P1250715	Village chief playing flute	http://www.youtube.com/watch?v=nJaMFiYymjE&feature=youtube_gdata_player	Village chief standing with his wives and playing flute, Paiya village, Papua New Guinea Highlands close to Mt Hagen.	papua_new_guinea	32	175
P1250129	Kiwibird eating sweetcorn	http://www.youtube.com/watch?v=67y21gfoDR0&feature=youtube_gdata_player	Kiwibird eating sweetcorn in the Auckland Zoo.	new_zealand	55	356
P1250837	Asaro mudmen	http://www.youtube.com/watch?v=xiNfQL00VH4&feature=youtube_gdata_player	Asaro villagers in the mudmen-performance.	papua_new_guinea, asaro, mudmen	30	487
P1230013	Spillway	http://www.youtube.com/watch?v=5-IKMTcJB0s&feature=youtube_gdata_player	Spillway in action, Itaipu power plant.	brazil	25	124
P1250726	Paiya dance	http://www.youtube.com/watch?v=M4uwwva7kqo&feature=youtube_gdata_player	Six Paiya women wearing face paintings and dancing.	papua_new_guinea	40	37
P1360704	Chinese soldiers practicing standing and walking	http://www.youtube.com/watch?v=N0eXhnXrld4&feature=youtube_gdata_player	Military practice session on the square between the Tiananmen and the Forbidden City, Beijing	china	44	177
P1250718	Paiya dance	http://www.youtube.com/watch?v=LSOjE1YKv0Y&feature=youtube_gdata_player	Six women performing a traditional singsing in Paiya village, Western Highlands close to Mt Hagen.	papua_new_guinea	44	84
P1260720	Andong ride in Yogyakarta	http://www.youtube.com/watch?v=V9KX9EAkLWA&feature=youtube_gdata_player	Horse carriage ride in Yogyakarta. Alternative to riding a becak.	indonesia, java, yogyakarta	34	249
P1250079	Kids playing rugby in Auckland	http://www.youtube.com/watch?v=XMEjfYBYJio&feature=youtube_gdata_player	New Zealand, Parents cheering their kids during a rugby tournament in Auckland.	auckland	26	1134
P1250081	Kids playing rugby	http://www.youtube.com/watch?v=iXGuKpYWjgc&feature=youtube_gdata_player	Kids playing rugby in Auckland.	rugby, auckland	11	409
P1190118	Catching alpacas	http://www.youtube.com/watch?v=NPdCe0DZQaI&feature=youtube_gdata_player	Failed alpaca hunt on an high altitude plain close to Arequipa.	peru	51	60
P1210540	Karaoke on the Navimag ferry in Patagonia	http://www.youtube.com/watch?v=5XXNrb9Wprg&feature=youtube_gdata_player	A tour guide singing karaoke ("Easy Like a Sunday Morning") on the ferry from Puerto Montt to Puerto Natales.	chile	36	122
P1330503	Gecko on a hairy human leg	http://www.youtube.com/watch?v=pLHMxXjfrBM&feature=youtube_gdata_player	A gecko trying to climb up a moderately hairy human leg. Not very successfully. Wikipedia: The toes of the gecko have a special adaptation that allows them to adhere to most surfaces without the use of liquids or surface tension. Recent studies of the spatula tipped setae on gecko footpads demonstrate that the attractive forces that hold geckos to surfaces are van der Waals interactions between the finely divided setae and the surfaces themselves.	cambodia	26	276
P1160635	Marine iguana swimming	http://www.youtube.com/watch?v=8bihfSccALI&feature=youtube_gdata_player	The swimming of a marine iguana resembles floating, as the animal's legs do not move. Nevertheless the change of position is very rapid and directed. Darwin described it like this: "When in the water this lizard swims with perfect ease and quickness, by a serpentine movement of its body and flattened tail — the legs being motionless and closely collapsed on its sides.", see "The Voyage of the Beagle. Chapter 17 — Galapagos Archipelago".	ecuador, galapagos	27	231
P1270173	Jeep ride	http://www.youtube.com/watch?v=8SZsZmv1wbo&feature=youtube_gdata_player	Driving down Mount Penanjakan (2770m) in a jeep, coming back from viewing the sunrise over Mount Bromo.	indonesia	24	45
P1140981	Tabatinga-Iquitos fast boat	http://www.youtube.com/watch?v=plQpKdbg4vM&feature=youtube_gdata_player	Filming in the Tabatinga-Iquitos fast-boat moving 40km/h. Views to the river bank and to the inside of the boat.	peru, amazonas	33	43
P1250741	Paiya village dance	http://www.youtube.com/watch?v=-v1hVndBftA&feature=youtube_gdata_player	Women from the Paiya village in PNG Highlands close to Mt Hagen performing a dance.	papua_new_guinea	27	47
P1260377	Gamelan musicians and a shadow puppet show	http://www.youtube.com/watch?v=GthgFBdwYqo&feature=youtube_gdata_player	Shadow puppet performance at the Wayang Theatre in Jakarta, including the gamelan musicians.	indonesia, java, jakarta	32	82
P1370509	Musical fountains	http://www.youtube.com/watch?v=ORD1v4SUWEc&feature=youtube_gdata_player	Water show in Xi'an	china	51	22
P1220654	Changing of the guards	http://www.youtube.com/watch?v=QfJTqAb0J0E&feature=youtube_gdata_player	Changing of the guards at the Malvinas monument in Buenos Aires.	argentina	74	92
P1370078	Snubbed nosed monkey baby in the Beijing Zoo	http://www.youtube.com/watch?v=Q8ws14lh7js&feature=youtube_gdata_player	Snubbed nosed monkey baby in the Beijing Zoo	china	32	301
P1370657	Fashion show	http://www.youtube.com/watch?v=av2LkV2LJHs&feature=youtube_gdata_player	Fashion show at the Raffles Mall in Beijing	china	43	9
P1160233	Music-making trash truck	http://www.youtube.com/watch?v=Yr1blPeN3ZA&feature=youtube_gdata_player	in Otavalo by the market. (The music cannot be heard unfortunately.)	ecuador, otavalo	20	230
P1230336	Small animal escaping	http://www.youtube.com/watch?v=ijrA7O-22aE&feature=youtube_gdata_player	Small animal running on the side of the road but then jumping into the bushes to escape a truckful of tourists driving by, Pantanal, Brazil.	brazil	7	24
P1330248	Skinning the frogs	http://www.youtube.com/watch?v=2U1oUScrZTU&feature=youtube_gdata_player	Little boys removing the skin of the frogs at a riverside market close to Can Tho.	vietnam	14	198
P1250633	Courting ritual	http://www.youtube.com/watch?v=w2sq2FfQnlY&feature=youtube_gdata_player	Two young men and two young women singing, smoking and courting, Magic Mountain Lodge, Highlands, close to Mt Hagen.	papua_new_guinea	20	8
P1350281	Bubble-eyed goldfish	http://www.youtube.com/watch?v=qQn1HM1dDS4&feature=youtube_gdata_player	Mutant fish in the Hong Kong Science Museum	hong_kong	27	165
P1130469	Giant dolls used at the carnival in Olinda	http://www.youtube.com/watch?v=WYv4qGKJCzw&feature=youtube_gdata_player	Museum of the giant dancing carnival dolls of Olinda	brazil, olinda	16	34
P1370660	Fashion show	http://www.youtube.com/watch?v=q8a8-uu0DPE&feature=youtube_gdata_player	Fashion show at the Raffles Mall in Beijing	china	45	3
P1350024	Traffic madness in Ahmedabad	http://www.youtube.com/watch?v=nsXPaF-AZFE&feature=youtube_gdata_player	A mass of yellow-and-green moto-rickshaws and motorbikes, and their perpetual honking --- a daily traffic situation in central Ahmedabad.	india	23	86
P1260654	Javanese puppet show	http://www.youtube.com/watch?v=YKIS4rVb8KA&feature=youtube_gdata_player	Javanese puppet show performed in the Sultan's Palace in Yogyakarta.	indonesia, java	54	75
P1370527	Musical fountain	http://www.youtube.com/watch?v=py2sf2pugPU&feature=youtube_gdata_player	Large musical fountain in Xi'an	china	66	1
P1330731	Irrawaddy dolphins swimming in Mekong	http://www.youtube.com/watch?v=5cnkB9xLIEo&feature=youtube_gdata_player	Irrawaddy dolphins (Orcaella brevirostris) showing their backs and dorsal fins while swimming in the Mekong river, close to Kratie, Cambodia.	cambodia	10	191
P1260387	Shadow puppet performance	http://www.youtube.com/watch?v=-PMcWL2ZJPE&feature=youtube_gdata_player	Shadow puppet performance at the Wayang Museum in Jakarta.	indonesia, java	47	57
P1370565	Musical fountain	http://www.youtube.com/watch?v=RWaNScvpVCU&feature=youtube_gdata_player	People observing the musical fountain of Xi'an	china	20	1
P1260948	Hindu religious ceremony at Mt. Bromo	http://www.youtube.com/watch?v=LdD1Zm68vGE&feature=youtube_gdata_player		bromo, hindu, indonesia	19	119
P1250613	Building a wall	http://www.youtube.com/watch?v=sdjBip7eyzI&feature=youtube_gdata_player	Villagers building a wall for a house, Highlands, close to Mt Hagen.	papua_new_guinea	43	5
P1290949	Elephant wash	http://www.youtube.com/watch?v=1k7fHb0_dhU&feature=youtube_gdata_player	Washing an elephant in the Jumbo Elephant Camp in Northern Thailand	thailand	35	170
P1250712	Making fire without matches	http://www.youtube.com/watch?v=bgeGdQupOXA&feature=youtube_gdata_player	Making fire without matches, Paiya village, Highlands of Papua New Guinea, close to Mt Hagen.	papua_new_guinea	24	48
P1190298	Welcome song, Uros floating island, Peru	http://www.youtube.com/watch?v=p4DakxuVfRg&feature=youtube_gdata_player	Uros people welcoming a tourist group on their floating island	peru	34	33
P1300504	Teaching the multiplication algorithm	http://www.youtube.com/watch?v=7pbVWbuCe1Q&feature=youtube_gdata_player	A mathematics teacher teaching the multiplication algorithm to schoolchildren in a Lahu/Hmong village.	laos	17	37
P1340601	Fireworks in the honor of Queen Sirikit	http://www.youtube.com/watch?v=rDUS_vt9eZE&feature=youtube_gdata_player	Fireworks at Sanam Luang in the honor of Queen Sirikit of Thailand	thailand	35	7
P1370526	Musical fountains	http://www.youtube.com/watch?v=_xNwMh_iZRg&feature=youtube_gdata_player	Water show in Xi'an	china	7	6
P1300091	Lahu massage	http://www.youtube.com/watch?v=n-UOaO1d9H4&feature=youtube_gdata_player	Two Lahu women performing Lahu massage in a small mountain village in Northern Thailand. Lahu massage is not as painful as Thai massage.	thailand	24	448
P1160129	Chasing a rooster, Ecuador	http://www.youtube.com/watch?v=PTxWBxtsCyA&feature=youtube_gdata_player	A rooster on the loose at the Quilotoa crater ake	ecuador	9	11
P1370650	Band at Raffles Mall	http://www.youtube.com/watch?v=pt1gyjPJffw&feature=youtube_gdata_player	A band performing at the Raffles Mall in Beijing.	china	17	29
P1370501	Sugar candy blower in Xi'an	http://www.youtube.com/watch?v=lQasU22l0pc&feature=youtube_gdata_player		china	29	195
P1260429	Train station employees hopping on a moving train	http://www.youtube.com/watch?v=JilMdGJ_PA0&feature=youtube_gdata_player	Gambir train station employees (yellow uniform) running and hopping on a moving train. Didn't understand why. Filmed while waiting for the Jakarta-Yogyakarta train.	indonesia, java, jakarta	38	138
P1250740	Paiya dance	http://www.youtube.com/watch?v=EGjhY-7ifxc&feature=youtube_gdata_player	Paiya villagers performing a dance.	papua_new_guinea	25	25
P1350710	The Hunchback of Notre-Dame by Disney	http://www.youtube.com/watch?v=Sewy7Sj-RRk&feature=youtube_gdata_player	Disneyland show in Hong Kong Disneyland	hong_kong	16	23
P1150585	Pululawa crater with thick fog	http://www.youtube.com/watch?v=mlUu3xleU1Q&feature=youtube_gdata_player	Fog hiding and revealing a village in the bottom of the Pululawa crater, close to Mitad del Mundo, Ecuador.	ecuador	76	10
P1320704	Listing of favourite countries	http://www.youtube.com/watch?v=aRWvkmuKZw8&feature=youtube_gdata_player	Csilla listing her favourite countries in this trip: Papua New Guinea, Rapa Nui, and Indonesia.	vietnam	77	6
P1330487	Waving Cambodian children by the Mekong river	http://www.youtube.com/watch?v=NSJFO4rBjVA&feature=youtube_gdata_player	Waving Cambodian children viewed from a Mekong riverboat	cambodia	29	37
P1250749	Paiya village dance	http://www.youtube.com/watch?v=YuN3DUh4_ZY&feature=youtube_gdata_player	Dance in the Paiya village, PNG Highlands close to Mount Hagen	papua_new_guinea	18	26
P1180256	Taking off with a tiny plane at Nazca	http://www.youtube.com/watch?v=pDj3BZRogKo&feature=youtube_gdata_player	Beginning of a Nazca lines viewing	peru	13	6
P1360394	Gondolier	http://www.youtube.com/watch?v=349Bc6uKNrw&feature=youtube_gdata_player	Gondolier on the indoor Canale Grande, The Venetian casino and hotel, Macau	macau	21	133
P1240409	Riding a scooter	http://www.youtube.com/watch?v=x9vcQFaNkCM&feature=youtube_gdata_player	Two people wearing helmets and riding a scooter on the Huahine island in French Polynesia.	french_polynesia, huahine	12	13
P1350679	It's a small world after all, musical ride in Hong Kong Disneyland	http://www.youtube.com/watch?v=bFpUuodgjBw&feature=youtube_gdata_player	Riding a boat by a set of musical puppets who sing "It's a small world after all", Hong Kong Disneyland	hong_kong	38	98
P1350627	Hong Kong's city lights viewed from The Peak	http://www.youtube.com/watch?v=3gJtw2FRe8M&feature=youtube_gdata_player	Hong Kong's city lights viewed from The Peak, Hong Kong Island	hong_kong	37	33
P1260796	Ramayana	http://www.youtube.com/watch?v=-LNga9ZBxBI&feature=youtube_gdata_player	Killing a bird with a sword. Ravana killing Jatayu (?)	indonesia	46	7
P1360971	Singers in Temple of Heaven park	http://www.youtube.com/watch?v=01r66H3RLgI&feature=youtube_gdata_player	Singers in Temple of Heaven park, Beijing	china	78	4
P1140475	River dolphins observed from the boat	http://www.youtube.com/watch?v=M7RgggQjZD4&feature=youtube_gdata_player		brazil	47	5
P1360261	Light decoration of Grand Lisboa and Casino Lisboa	http://www.youtube.com/watch?v=QZLZcsqB3OI&feature=youtube_gdata_player		macau	32	41
P1260795	Ramayana performance	http://www.youtube.com/watch?v=9TfMXX5uk70&feature=youtube_gdata_player	Rama shooting an arrow. Ramayana performance close to the Prambanan temples.	indonesia, java	49	31
P1370534	Locals photographing tourists	http://www.youtube.com/watch?v=PeLorVFG0Mg&feature=youtube_gdata_player	Locals photographing tourists and posing with them at the musical fountain in Xi'an	china	11	7
P1370188	Musical performance in the Drum Tower, Xian	http://www.youtube.com/watch?v=MM4g3aDAEzY&feature=youtube_gdata_player	Chinese drum performance	china	62	4
P1370230	Musical performance in the Bell Tower, Xian	http://www.youtube.com/watch?v=r_lPJEJro80&feature=youtube_gdata_player	Musical performance in the Bell Tower, Xian	china	60	8
P1330492	Village life by the Mekong	http://www.youtube.com/watch?v=7IJ3AxruDXo&feature=youtube_gdata_player	Cambodian village life on the banks of the Mekong river, observed from a moving riverboat	cambodia	75	16
P1350812	Electric car track in Hong Kong Disneyland	http://www.youtube.com/watch?v=NDGCXEmZgvU&feature=youtube_gdata_player		hong_kong	15	108
P1350824	Lion King musical performance, Hong Kong Disneyland	http://www.youtube.com/watch?v=RY21RctKUAQ&feature=youtube_gdata_player	Lion King musical performance (Hakuna Matata) in Hong Kong Disneyland.	hong_kong	30	56
P1140441	Amazonas riverboat in a port	http://www.youtube.com/watch?v=YybwIfD5eAE&feature=youtube_gdata_player	An Amazonas riverboat making a stop in riverside town. People getting on and off. The hammock deck is shown at the end of the video.	brazil	57	10
P1320942	Cao Dai prayer	http://www.youtube.com/watch?v=xy_j9p7hCaM&feature=youtube_gdata_player		vietnam	50	9
P1180781	Irish guitarists playing for the locals at Cabanaconde	http://www.youtube.com/watch?v=RNnu9guGxtE&feature=youtube_gdata_player	Virgin of Candelaria celebrations in Cabanaconde	peru	17	173
P1340911	Moto-rickshaw ride in Ahmedabad	http://www.youtube.com/watch?v=TJEdtCo8qJ8&feature=youtube_gdata_player	Views from a moving moto-rickshaw to the town of Ahmedabad	india	47	18
P1130608	Wind blowing sand in Lençóis Maranhenses National Park	http://www.youtube.com/watch?v=xsq46YWPkSU&feature=youtube_gdata_player		brazil, lençóis_maranhenses	4	25
P1370229	Musical performance in the Bell Tower, Xian	http://www.youtube.com/watch?v=wBhz81JBz_E&feature=youtube_gdata_player	Musical performance in the Bell Tower, Xian	china	60	7
P1350889	Fireworks over Disneyland, Hong Kong	http://www.youtube.com/watch?v=l4iusfknLgs&feature=youtube_gdata_player	Evening fireworks	hong_kong	73	24
P1180301	Running around at a well, Nacza	http://www.youtube.com/watch?v=en6ofntPi54&feature=youtube_gdata_player	Aqueducts almost 1900 years old around Nazca	peru	43	24
P1320728	Saigon traffic	http://www.youtube.com/watch?v=AAdB6WHbA54&feature=youtube_gdata_player	Successfully crossing the street on the zebra and ending up at restaurant Pho 2000 where Bill Clinton once ate noodle soup.	vietnam	12	39
P1260878	Javanese traffic	http://www.youtube.com/watch?v=J-R_aYWST_8&feature=youtube_gdata_player		traffic, indonesia	34	3
P1370505	Musical fountains	http://www.youtube.com/watch?v=XIyV-LCsMCw&feature=youtube_gdata_player	Musical fountain show at noon in Xi'an, close to the Big Wild Goose Pagoda. It's the largest musical fountain complex in the world, at least according to Chinese sources.	china	36	21
P1340988	Views to Ahmedabad from a moving moto-rickshaw	http://www.youtube.com/watch?v=QwBk4aplcL4&feature=youtube_gdata_player	Views to Ahmedabad from a moving moto-rickshaw	india	37	17
P1370187	Drum performance in the Drum Tower, Xian	http://www.youtube.com/watch?v=srS_IhN8Dds&feature=youtube_gdata_player	Chinese music	china	32	1
P1350670	Tomorrowland, Hong Kong Disneyland	http://www.youtube.com/watch?v=BgYjRvISd_A&feature=youtube_gdata_player		hong_kong	22	46
P1350152	Hong Kong's city lights viewed from Kowloon	http://www.youtube.com/watch?v=4MmU9i-Ohbo&feature=youtube_gdata_player	Hong Kong Island's city lights viewed from Kowloon (Avenue of Stars) with a musical background	hong_kong	52	74
P1330277	Floating market	http://www.youtube.com/watch?v=-KYYKdQYaws&feature=youtube_gdata_player	Floating market on the Mekong river close to Can Tho.	vietnam	90	10
P1280315	Throwing coins	http://www.youtube.com/watch?v=rO0c-QRRYUs&feature=youtube_gdata_player	Throwing coins into revolving wishing pots in a Buddhist temple in Georgetown.	malaysia	32	2
P1220771	Iguazu Falls	http://www.youtube.com/watch?v=invtW4I087s&feature=youtube_gdata_player	Devil's Throat, Iguazu's largest cataract	argentina	24	3
P1140874	Swimming in the Mamirua Reserve	http://www.youtube.com/watch?v=2oiphbPDCDo&feature=youtube_gdata_player		P1140874, Mamirua, Sustainable, Reserve, Brazil	23	10
P1360808	Royal clocks	http://www.youtube.com/watch?v=u9gmsnyFKv4&feature=youtube_gdata_player	Royal clocks at Clock museum, Forbidden City, Beijing	china	20	52
P1260835	Ramayana at Prambanan	http://www.youtube.com/watch?v=02Loczp6Wdg&feature=youtube_gdata_player		ramayana, prambanan, java, indonesia	51	43
P1360590	Ballet at the Water Cube	http://www.youtube.com/watch?v=NQaFq-H1Fgs&feature=youtube_gdata_player	Moscow City Ballet practice session in the Water Cube, Beijing	china	24	34
P1350825	Lion King musical performance in Hong Kong Disneyland	http://www.youtube.com/watch?v=OuTh0GoF4IQ&feature=youtube_gdata_player		hong_kong	33	13
P1140400	Encontro das Águas	http://www.youtube.com/watch?v=I3DERSFkYO0&feature=youtube_gdata_player	Meeting of Rio Negro and Rio Solimões close to Manaus. Filmed from a Manaus-Tefe slow boat.	brazil, manaus	41	5
P1360973	Musicians in the Temple of Heaven park	http://www.youtube.com/watch?v=JPiXExGcpAw&feature=youtube_gdata_player	Two groups of musicians in the Temple of Heaven park in Beijing	china	49	2
P1170574	Mating black turtles, Galapagos Islands	http://www.youtube.com/watch?v=vUBmBsnE9ic&feature=youtube_gdata_player	Turtle Cove is the mating place of turtles and a nursery of sharks and rays	ecuador	39	20
P1320660	Swimmer at the Muine beach	http://www.youtube.com/watch?v=E_F0ioG7neo&feature=youtube_gdata_player	Swimmer fighting with waves at the Muine beach	vietnam	72	11
P1350143	Hong Kong light show	http://www.youtube.com/watch?v=YjgNq7JC6l8&feature=youtube_gdata_player	Hong Kong's 8 o'clock light show viewed from the Avenue of Stars, Kowloon	hong_kong	45	7
P1350823	Lion King musical performance in Hong Kong Disneyland	http://www.youtube.com/watch?v=sr_rpGVlR3I&feature=youtube_gdata_player		hong_kong	35	14
P1340308	Musical tuktuk	http://www.youtube.com/watch?v=AmoF2ISJ01M&feature=youtube_gdata_player	A nightime tuktuk ride in the streets of Siem Reap listening to Britney Spears.	cambodia	28	4
P1350447	Monkeys in the Hong Kong Zoo	http://www.youtube.com/watch?v=vIafxEFzAys&feature=youtube_gdata_player	Monkeys jumping around in their cages in the small zoo on Hong Kong Island	hong_kong	28	6
P1260630	Becak ride in Yogyakarta	http://www.youtube.com/watch?v=BzY9O7KnHkg&feature=youtube_gdata_player	Two tourists riding an Indonesian human-powered cycle rickshaw, the becak.	indonesia, java, yogyakarta	18	18
P1350808	High School Musical inspired show in Hong Kong Disneyland	http://www.youtube.com/watch?v=8wg5b0KA8eU&feature=youtube_gdata_player		hong_kong	18	39
P1200099	Dynamite blast, Potosi, Bolivia	http://www.youtube.com/watch?v=EoCa-fb7eks&feature=youtube_gdata_player	A guide at a visit to the silver mines in Potosi demonstrating the power of a dynamite explosion	bolivia, mine	39	7
P1320178	Lotus in the rain	http://www.youtube.com/watch?v=aaBrRhMbjB0&feature=youtube_gdata_player	Rain drops falling off the lotus leaf. Pond in the Tu Duc tomb complex.	vietnam	11	40
P1350786	Sailing by a volcano in Hong Kong Disneyland	http://www.youtube.com/watch?v=7VWA3zj7V8c&feature=youtube_gdata_player	Observing a volcano full of fire and smoke, in Hong Kong Disneyland	hong_kong	18	72
P1370032	Giant panda munching on bamboo in Beijing Zoo	http://www.youtube.com/watch?v=NL1p6dj3asw&feature=youtube_gdata_player	Giant panda munching on bamboo in Beijing Zoo	china	31	9
P1240447	On the way back from a Polynesian pearl farm	http://www.youtube.com/watch?v=zyhtjDBF01g&feature=youtube_gdata_player	Riding a motorboat back to the main island after visiting a pearl farm in the middle of the lagoon. Huahine, French Polynesia.	french_polynesia, huahine	30	15
P1340602	Fireworks in the honor of Queen Sirikit	http://www.youtube.com/watch?v=-2Yc_2N8fDw&feature=youtube_gdata_player	Fireworks at Sanam Luang in the honor of Queen Sirikit of Thailand	thailand	41	6
P1160737	Marine iguanas	http://www.youtube.com/watch?v=3P1bexeos-c&feature=youtube_gdata_player	Coastal lavarock covered with marine iguanas	ecuador, galapagos	47	10
P1330131	Coconut candy wrappers	http://www.youtube.com/watch?v=PDYOPA-ZaM4&feature=youtube_gdata_player	Women wrapping pieces of coconut candy into paper.	vietnam	20	29
P1250105	Sensitive plant	http://www.youtube.com/watch?v=OZo7BhaNnqE&feature=youtube_gdata_player	A curious plant that folds its leaves when slightly touched. Winter Garden, Auckland Domain, Auckland	new_zealand, auckland	45	11
P1130803	Music in the Basilica de Nossa Senhora de Nazare	http://www.youtube.com/watch?v=UOED4aB8SNI&feature=youtube_gdata_player	Inside the most famous church in Belem	brazil, belem	34	23
P1330567	Gamelan band	http://www.youtube.com/watch?v=CWs4RQCHpJs&feature=youtube_gdata_player	Two-person gamelan band in action, one cannot play.	cambodia	24	19
P1190431	Weaving at Taquile Island, Peru	http://www.youtube.com/watch?v=QenhKevjjmI&feature=youtube_gdata_player	Women weaving	peru, lake titicaca	27	8
P1140440	Docking of an Amazonas slow boat	http://www.youtube.com/watch?v=9wd2DPe3QeU&feature=youtube_gdata_player		brazil, amazonas	21	7
P1180452	Sandboarding on Cerro Blanco	http://www.youtube.com/watch?v=BgZhbyB1qjo&feature=youtube_gdata_player	Cerro Blanco is the world's largest sand dune, situated close to Nazca, Peru. Tour companies in Nazca offer sandboarding trips consisting of climbing to the top (3h), some practice runs, and then riding down the longest slope. The provided sandboards suck (ie they are not regular snowboards), but the dune and its surroundings are beautiful.	sandboarding	11	56
P1120899	View of Rio the Janeiro	http://www.youtube.com/watch?v=9SLh7xKqqwA&feature=youtube_gdata_player	Views from Corcovado: Cristo Redentor, tourists, Sugarloaf Mountain (Pão de Açúcar), Botafogo	brazil, rio_de_janeiro	47	7
P1290031	Arriving of a SkyTrain	http://www.youtube.com/watch?v=mTSu3Hoi06A&feature=youtube_gdata_player	A Bangkok SkyTrain arriving at a station	thailand	21	32
P1190283	Demonstration at the Uros floating island, Peru	http://www.youtube.com/watch?v=aDNDqK9M8Vc&feature=youtube_gdata_player	Demonstration of the building material of the Uros floating island	peru	28	12
P1270648	Geko hunting	http://www.youtube.com/watch?v=PA7zN_PNvZk&feature=youtube_gdata_player	Geko catching a fly but then letting it go. A wall of a hotel room in Bukit Lawang.	indonesia, sumatra	28	80
P1360067	Evening busride in Hong Kong	http://www.youtube.com/watch?v=VH8S4uU9YHI&feature=youtube_gdata_player		hong_kong	29	3
P1240528	Feeding eels	http://www.youtube.com/watch?v=qALSQKkfgs8&feature=youtube_gdata_player	Kids feeding tame eels. Faie, Huahine-Nui, French Polynesia	french_polynesia, huahine	24	42
P1250080	Kids playing rugby	http://www.youtube.com/watch?v=aAgxd3jfOvA&feature=youtube_gdata_player		rugby, auckland	13	69
P1330499	People on the riverbank	http://www.youtube.com/watch?v=pYPaRrpyhps&feature=youtube_gdata_player	Passing by Cambodian people on the river bank in a Mekong slowboat going upriver.	cambodia	18	20
P1340835	Dhobi Ghat in Mahalaxmi	http://www.youtube.com/watch?v=brChwYs9pzE&feature=youtube_gdata_player	Dhobi Ghat, Mahalaxmi, Mumbai. The largest washing machine (mostly human-powered) in the world.	india	12	34
P1260826	Ramayana	http://www.youtube.com/watch?v=-kD8-s1KESA&feature=youtube_gdata_player		indonesia	17	10
P1350751	Screen of dripping water	http://www.youtube.com/watch?v=0jrZEq3gOzY&feature=youtube_gdata_player	Screen of water drops, Hong Kong Science Museum	hong_kong	14	11
P1350266	Nighttime views from the Star Ferry to the Hong Kong Island	http://www.youtube.com/watch?v=qtxtalb4fu8&feature=youtube_gdata_player	View from the Star Ferry (going from Hong Kong Island to Kowloon) to the lit up skyscrapers along the coast of the Hong Kong Island.	hong_kong	31	6
P1240985	Rapper and his sounds	http://www.youtube.com/watch?v=-dBESEPoCfk&feature=youtube_gdata_player		new_zealand, auckland	46	1
P1350267	Hong Kong lightshow viewed from a moving Star Ferry	http://www.youtube.com/watch?v=GZ0-WrXV6Qo&feature=youtube_gdata_player	Views from a moving Star Ferry during the 8 o'clock light show: Kowloon (Clock Tower), the bay (a boat), Hong Kong Island (Convention Center, skyscrapers).	hong_kong	37	9
P1360448	Macau in the night	http://www.youtube.com/watch?v=MIz5jv9SDGE&feature=youtube_gdata_player	Nighttime views from a bus driving over a bridge to Macau.	macau	24	15
P1230403	Armadillo hole	http://www.youtube.com/watch?v=1reFSwZy7TA&feature=youtube_gdata_player	Armadillo digging a hole, people photographing the hole.	brazil, pantanal	14	128
P1160281	Tungurahua spitting out smoke	http://www.youtube.com/watch?v=mGqMrnOfivw&feature=youtube_gdata_player	Tungurahua observed during daytime (15--16 o'clock) from the hillside across the river from Baños. Every couple of minutes a tower of thick smoke burst out of the volcano. With the binoculars one could also observe little stones (?) emerging from the smoke (ie they were little relative to the surroundings). According to the advisory 12 Jan 2010 - 2318 UTC -- TUNGURAHUA 1502-08 ECUADOR that was issued for that period of time: RMK: THERE HAS BEEN SOME STRONGER BURSTS OF ASH OVER THE PAST 3 HRS AND THRU CLOUDS A PLUME CAN NOW BE SEEN EXTDG W AROUND 100 NM.	ecuador	31	17
P1260812	Ramayana	http://www.youtube.com/watch?v=jwot9sWu3L4&feature=youtube_gdata_player		indonesia	27	2
P1350339	Screen of dripping water	http://www.youtube.com/watch?v=FLz2WK9gWBY&feature=youtube_gdata_player	Screen of water drops, Hong Kong Science Museum	hong_kong	4	67
P1260877	Traffic in Java	http://www.youtube.com/watch?v=5pDPpV4KuI8&feature=youtube_gdata_player		traffic, indonesia, java	51	6
P1260651	Javanese puppet show	http://www.youtube.com/watch?v=oLOACbVIpoo&feature=youtube_gdata_player	Javanese puppet show performed in the Sultan's Palace in Yogyakarta.	indonesia, java, yogyakarta	43	2
P1250082	Kids playing rugby	http://www.youtube.com/watch?v=HJulK22Xm14&feature=youtube_gdata_player	Kids playing rugby in Auckland. Their parents telling them something in an emotional voice.	new_zealand, auckland	19	39
P1260799	Ramayana	http://www.youtube.com/watch?v=rl7uVQL0FeQ&feature=youtube_gdata_player	Monkey army (?) dancing	indonesia	40	2
P1330196	Children singing	http://www.youtube.com/watch?v=DMq4bP9hQNQ&feature=youtube_gdata_player	Two Vietnamese girls singing, three Vietnamese men playing string instruments and a group of Chinese girls eating.	vietnam	25	9
P1260378	Shadow puppet performance	http://www.youtube.com/watch?v=-BHUQ05TV5g&feature=youtube_gdata_player	Shadow puppet performance at the Wayang Theatre in Jakarta.	indonesia, java	51	5
P1230098	Streetview in Campo Grande	http://www.youtube.com/watch?v=xA_MnaD21rs&feature=youtube_gdata_player		brazil, campo_grande	23	65
P1360262	Casino Lisboa and Grand Lisboa in the night	http://www.youtube.com/watch?v=s4qwlo_MAiA&feature=youtube_gdata_player	Nighttime views to the lit up neighboring Casino Lisboa and Grand Lisboa	macau	20	13
P1160664	Pelican of Puerto Ayora	http://www.youtube.com/watch?v=qGylCp--aUc&feature=youtube_gdata_player	Evening time at the port of Puerto Ayora. Night colours playing on the water. Brown pelican diving in an attempt to catch some fish.	ecuador, galapagos	23	29
P1250208	Sculpture of a dog in a Sydney mall	http://www.youtube.com/watch?v=n9Is0ijMwgQ&feature=youtube_gdata_player	Sculpture of a blind-leading dog in the Queen Victoria Building Mall, Sydney	australia, sydney	32	9
P1340307	Musical tuktuk	http://www.youtube.com/watch?v=_ihFaKrVrFA&feature=youtube_gdata_player	A nightime tuktuk ride in the streets of Siem Reap listening to Britney Spears.	cambodia	13	13
P1330569	Gamelan band	http://www.youtube.com/watch?v=IVlpZBu6XXg&feature=youtube_gdata_player	Two musicians playing gamelan instruments, one of them improvising. A gamelan band features many annoying-sounding percussion instruments.	cambodia	6	33
P1270250	Bus musician	http://www.youtube.com/watch?v=-exPqB-iZzc&feature=youtube_gdata_player	A bus musician performing in a bus from Probolinggo to Surabaya.	indonesia	33	10
P1290960	Washing an elephant	http://www.youtube.com/watch?v=UHPgzN2M25E&feature=youtube_gdata_player	Washing an elephant in the Jumbo Elephant camp in Northern Thailand	thailand	17	27
P1230638	Waves	http://www.youtube.com/watch?v=1hPaZTI1JhI&feature=youtube_gdata_player	Waves hitting the coast of Rapa Nui.	rapa_nui	25	2
P1230371	Howler moneky in the tree	http://www.youtube.com/watch?v=zJKDDrxRRoM&feature=youtube_gdata_player		brazil, pantanal	23	21
P1350446	Gibbons in Hong Kong Zoo	http://www.youtube.com/watch?v=i1xNgnb9b7E&feature=youtube_gdata_player	Gibbons in the small zoo on the Hong Kong Island	hong_kong	18	5
P1330817	Weaving	http://www.youtube.com/watch?v=CYavLijT3dQ&feature=youtube_gdata_player	Weaving silk	cambodia	12	2
P1230335	Truck ride through Pantanal	http://www.youtube.com/watch?v=sfsZNxGu_R8&feature=youtube_gdata_player	People riding through Pantanal on the top of a truck. They have to duck not to be hit by branches.	brazil, pantanal	36	3
P1350708	Toy Story inspired show in Hong Kong Disneyland	http://www.youtube.com/watch?v=VYlbw3cHv3c&feature=youtube_gdata_player		hong_kong	17	7
P1260396	Shadow puppet and gamelan performance	http://www.youtube.com/watch?v=59QPaHgWay8&feature=youtube_gdata_player	Shadow puppet and gamelan performance at the Wayang Museum in Jakarta	indonesia, java, jakarta	16	16
P1330421	Cham woman weaving	http://www.youtube.com/watch?v=kgIokyPEXHw&feature=youtube_gdata_player		vietnam	10	5
P1260827	Ramayana	http://www.youtube.com/watch?v=UFVjz57Dmrg&feature=youtube_gdata_player	Sword fight	indonesia, java	23	9
P1230200	Caiman hunting	http://www.youtube.com/watch?v=yDDkiI2dgfk&feature=youtube_gdata_player	Caiman going after a fish in Pantanal.	brazil, pantanal	7	55
P1230066	Rotation	http://www.youtube.com/watch?v=L2DxIBOCbMk&feature=youtube_gdata_player	A big rotating machine at the Itaipu power plant	brazil	35	3
P1150830	Cock fight, Otavalo, Ecuador	http://www.youtube.com/watch?v=3iCr0YBqMBg&feature=youtube_gdata_player	Gamblers cheering the participants of a cock fight	ecuador	5	58
P1230199	Teasing a caiman	http://www.youtube.com/watch?v=SB0CHGV202g&feature=youtube_gdata_player	Teasing a caiman with a fish, Pantanal	brazil, pantanal	23	3
P1260828	White monkey in action	http://www.youtube.com/watch?v=FEv77tZLSHo&feature=youtube_gdata_player	Hanuman stepping on the stage. Ramayana performance close to the Prambanan temples.	indonesia, java	18	16
P1260825	Ramayana	http://www.youtube.com/watch?v=4dthqf0eKVQ&feature=youtube_gdata_player		indonesia	21	3
P1270043	Girl dancing	http://www.youtube.com/watch?v=dvVzqRsTzwc&feature=youtube_gdata_player	Party in a hotel close to Mount Bromo.	indonesia	23	2
P1260666	Javanese puppet show	http://www.youtube.com/watch?v=tnDyHNfr9pc&feature=youtube_gdata_player	Javanese puppet show performed in the Sultan's Palace in Yogyakarta.	indonesia, java	46	8
P1260241	Birthday song	http://www.youtube.com/watch?v=_Q213mjo2L8&feature=youtube_gdata_player		australia	24	1
P1260070	Funny bird	http://www.youtube.com/watch?v=K1s3d4ggCrg&feature=youtube_gdata_player	Funny tail-wagging bird in Madang.	papua_new_guinea	27	6
P1260816	Ramayana	http://www.youtube.com/watch?v=hlhygXRiEdM&feature=youtube_gdata_player		indonesia	21	2
P1330003	Hiding into the Cu Chi tunnel	http://www.youtube.com/watch?v=QY1U340PVK8&feature=youtube_gdata_player	Entering the Cu Chi tunnel system through a narrow opening.	vietnam	17	9
P1260346	Becak ride	http://www.youtube.com/watch?v=xvEcWLYIT98&feature=youtube_gdata_player	Becak ride in Jakarta.	indonesia, java	16	6
P1280316	Throwing coins	http://www.youtube.com/watch?v=nvZQSmdVp8E&feature=youtube_gdata_player	Throwing coins into revolving wishing pots in a Buddhist temple in Georgetown.	malaysia	18	3
P1320386	Sensitive plant in My Son	http://www.youtube.com/watch?v=Mwnl3TPmYtI&feature=youtube_gdata_player	Touching the leaves of a Mimosa.	vietnam	18	3
P1360540	Chinese tourist group in front of the Water Cube	http://www.youtube.com/watch?v=MC3buwYAYpM&feature=youtube_gdata_player	Entry tickets to the Water Cube (National Aquatic Center) distributed between the members of a tourist group in Beijing, China.	china	9	11
P1200314	Driving in Salar de Uyuni	http://www.youtube.com/watch?v=ePDcpX5QCSE&feature=youtube_gdata_player	Salar de Uyuni is the world's largest salt flat at 10582 square kilometers. It is located in southwest Bolivia, near the crest of the Andes, and is elevated 3656 meters above the mean sea level. The Salar was formed as a result of transformations between several prehistoric lakes. It is covered by a few meters of salt crust, which has an extraordinary flatness with the average altitude variations within one meter over the entire area of the Salar.	bolivia	11	12
P1230827	Sunrise drive on Rapa Nui	http://www.youtube.com/watch?v=NL3-zpKGLz8&feature=youtube_gdata_player	Driving to see the sunrise over the 15 moai.	rapa_nui	13	4
P1330665	Tuktuk ride	http://www.youtube.com/watch?v=sHCjEgIoHao&feature=youtube_gdata_player		cambodia	5	2
P1290843	Fly machine	http://www.youtube.com/watch?v=X8gksJx-E8A&feature=youtube_gdata_player	Machine for keeping away flies at a Thai market	thailand	12	3
P1150134	Street presentation of Jesus on the cross	http://www.youtube.com/watch?v=ZM4SHLmtI5Y&feature=youtube_gdata_player	Christmas in Iquitos	Peru	6	5
P1150379	Wavest hitting the short in Huanchaco	http://www.youtube.com/watch?v=ItEkaKQo27M&feature=youtube_gdata_player	The world-famous beach Huanchaco, a surfing destination, is located just north of Trujillo.	peru, huanchaco	10	4
P1240984	Rapper	http://www.youtube.com/watch?v=mvB2alqgN20&feature=youtube_gdata_player	A guy rapping in a bar in Auckland.	new_zealand	10	2
P1320177	Lotus in the rain	http://www.youtube.com/watch?v=8FWK_8GVHAg&feature=youtube_gdata_player	Raindrop dropping off a lotus leaf.	vietnam	4	7
P1210508	Pio XI glacier cracking, Chile	http://www.youtube.com/watch?v=HRxoQzh-LQQ&feature=youtube_gdata_player	Pio XI glacier on a detour on a Navimag ferry to Puerto Natales	chile	27	236
P1150838	Rooster fight in Otavalo	http://www.youtube.com/watch?v=I9GTHz1NbOM&feature=youtube_gdata_player		ecuador, otavalo	54	1081
P1180769	Virgin of Candelaria celebrations in Cabanaconde	http://www.youtube.com/watch?v=wRjtRBhJ3no&feature=youtube_gdata_player	Brass music at Cabanaconde	peru	41	271
P1150794	Music making trash truck in Equador	http://www.youtube.com/watch?v=si2V_e6B4oc&feature=youtube_gdata_player		ecuador, otavalo, market	21	578
P1130943	Boat ride on the Amazonas	http://www.youtube.com/watch?v=wXdr20rz530&feature=youtube_gdata_player		brazil	76	15
P1180761	Virgin of Candelaria celebrations in Cabanaconde	http://www.youtube.com/watch?v=4lKjSv-ywtg&feature=youtube_gdata_player	Fiesta Patronal de la Santisima Virgen de la Candelaria in Cabanaconde.	peru	8	290
P1150832	Rooster fight in Otavalo	http://www.youtube.com/watch?v=inEKT0neISY&feature=youtube_gdata_player		ecuador, otavalo	47	90
P1150819	Rooster fight in Otavalo	http://www.youtube.com/watch?v=23-bs1i6f_E&feature=youtube_gdata_player		ecuador, otavalo	63	93
P1170990	Humbolt Penguins at Ballestas Island, Peru	http://www.youtube.com/watch?v=K1q9STYJ9n8&feature=youtube_gdata_player	Penguins jumping on rocks	peru	34	44
P1290950	Elephant camp	http://www.youtube.com/watch?v=fdICuXNE4Hc&feature=youtube_gdata_player	Jumbo elephant camp in Northern Thailand	thailand	48	48
P1130408	Candoble ceremony in Salvador	http://www.youtube.com/watch?v=apaszYgU2KE&feature=youtube_gdata_player		brazil, salvador	48	51
P1330197	Vietnamese string band	http://www.youtube.com/watch?v=Zj5YECkRUyE&feature=youtube_gdata_player	A group of three Vietnamese string instrument players performing on an island in the Mekong Delta.	vietnam	48	40
P1280704	Thale Noi	http://www.youtube.com/watch?v=5UIW4LtJCiM&feature=youtube_gdata_player	Water lilies covered lake of Thale Noi in Southern Thailand	thailand	37	30
P1280203	Pancake maker	http://www.youtube.com/watch?v=xBfs9k_XEH4&feature=youtube_gdata_player	Making thin pancakes in Chinatown in Georgetown	malaysia	30	86
P1150829	Rooster fight in Otavalo	http://www.youtube.com/watch?v=rdgi9YXSKvg&feature=youtube_gdata_player		P1150829, Equador, Otavalo	31	144
P1320731	Saigon traffic	http://www.youtube.com/watch?v=xNGzq26glgc&feature=youtube_gdata_player	Crazy motorbike traffic in Saigon (Ho Chi Minh City).	vietnam	24	9
P1320678	Kite surfers at the Muine beach	http://www.youtube.com/watch?v=q0GWiaN8tMk&feature=youtube_gdata_player		vietnam	30	12
P1130627	Jeep ride in Lençóis Maranhenses National Park	http://www.youtube.com/watch?v=vtVgmAC8FeE&feature=youtube_gdata_player		P1130627, Lençóis, Maranhenses, National, Park, Brazil	40	32
P1150831	Rooster fight in Otavalo	http://www.youtube.com/watch?v=zu9K1GXc3iE&feature=youtube_gdata_player		P1150831, Equador, Otavalo	27	130
P1150837	Rooster fight in Otavalo	http://www.youtube.com/watch?v=WDB2lIhgL4M&feature=youtube_gdata_player		ecuador, otavalo	69	23
P1130270	Street party in Pelourinho	http://www.youtube.com/watch?v=FO3CUlcNHJY&feature=youtube_gdata_player	Street party in Pelourinho, Salvador	brazil, salvador	50	5
P1300782	River boat	http://www.youtube.com/watch?v=XiCPwmbjJPM&feature=youtube_gdata_player	Inside of a Mekong river slow boat	laos	69	4
P1160773	Marine iguanas fighting	http://www.youtube.com/watch?v=QV3u7EdRjw4&feature=youtube_gdata_player	Male marine iguanas nodding their heads at each other.	ecuador, galapagos	28	8
P1210485	Viewing of Pio XI glacier, Chile	http://www.youtube.com/watch?v=XHiy_PdvVIw&feature=youtube_gdata_player	on a Navimag ferry trip	chile	43	114
P1270848	Orang utan standing	http://www.youtube.com/watch?v=Tar2pTYuYCE&feature=youtube_gdata_player	An orang utan standing in the Gunung Leuser National Park close to Bukit Lawang. Orang utans are normally arboreal. Contact with people (and the bananas they leave behind) have made them come down from the treetops.	indonesia, sumatra	5	97
P1200683	Geysers at Sol de Mañana	http://www.youtube.com/watch?v=fEkWTNW_Bfo&feature=youtube_gdata_player	Geysers at Sol de Mañana, very early in the morning.	bolivia	35	27
P1280127	Becak ride in Medan	http://www.youtube.com/watch?v=aa-s58awimU&feature=youtube_gdata_player		indonesia	11	5
P1180809	Virgin of Candelaria celebrations in Cabanaconde	http://www.youtube.com/watch?v=cjcACrWoTUg&feature=youtube_gdata_player	Fiesta Patronal de la Santisima Virgen de la Candelaria in Cabanaconde.	peru	75	943
P1180454	Sandboarding on Cerro Blanco	http://www.youtube.com/watch?v=qjDtO4iA_3I&feature=youtube_gdata_player	Two people demonstrating their sandboarding skills on Cerro Blanco, close to Nazca.	peru	63	84
P1130140	Football at Maracanã	http://www.youtube.com/watch?v=PFOPCg8o2HQ&feature=youtube_gdata_player	Football game at Estádio Jornalista Mário Filho, Rio de Janeiro	brazil, rio_de_janeiro	85	10
P1270914	Orang utan baby swinging	http://www.youtube.com/watch?v=T3JIwMYzjUY&feature=youtube_gdata_player	An orang utan baby swinging in the Gunung Leuser National Park close to Bukit Lawang.	indonesia, sumatra	37	61
P1290808	Thai boxing	http://www.youtube.com/watch?v=CQMTq8-zu08&feature=youtube_gdata_player		thailand	67	12
P1260829	Ramayana in Prambanan	http://www.youtube.com/watch?v=sCmSU-ZCJHI&feature=youtube_gdata_player		Inodonesia	50	67
P1320932	Prayer at a Cao Dai temple	http://www.youtube.com/watch?v=Ta_9HNnop6A&feature=youtube_gdata_player		vietnam	47	23
P1150196	Amazonian Manatee eating	http://www.youtube.com/watch?v=u-W6ECCsgVM&feature=youtube_gdata_player		peru	13	35
P1290293	Feeding fish	http://www.youtube.com/watch?v=nB_Sh6HaCEQ&feature=youtube_gdata_player		thailand	33	1
P1330117	Mekong Delta riverboat	http://www.youtube.com/watch?v=EXoEhr8kDoY&feature=youtube_gdata_player	Boat ride on the Mekong Delta.	vietnam	57	2
P1330198	Vietnamese music	http://www.youtube.com/watch?v=Y_znwnuRvqk&feature=youtube_gdata_player	Vietnamese woman singing. 3 Vietnamese men playing string instruments.	vietnam	64	4
P1290325	Children dancing and singing	http://www.youtube.com/watch?v=alNCvnqfkyg&feature=youtube_gdata_player		thailand	26	2
P1270784	Orang utan	http://www.youtube.com/watch?v=sADRgyatNxg&feature=youtube_gdata_player	An orang utan in the Gunung Leuser National Park close to Bukit Lawang.	indonesia, sumatra	52	26
P1320749	Saigon traffic	http://www.youtube.com/watch?v=oHPsdsFVhQM&feature=youtube_gdata_player	Crazy motorbike traffic in Saigon (Ho Chi Minh City).	vietnam	38	15
P1220033	Perito Moreno	http://www.youtube.com/watch?v=T1BrJIZ9fgY&feature=youtube_gdata_player		argentina	24	77
P1330116	Mekong Delta riverboat	http://www.youtube.com/watch?v=_73r7aIvMQA&feature=youtube_gdata_player	Boat ride on the Mekong Delta in a big tourist group. The guide singing the day's schedule.	vietnam, mekong	50	2
P1170252	Male marine iguanas fighting	http://www.youtube.com/watch?v=7pCIOzQgUko&feature=youtube_gdata_player	On Galapagos Islands	galapagos islands, ecuador	23	50
P1130139	Football at Estádio do Maracanã	http://www.youtube.com/watch?v=qsxsC4mKfoc&feature=youtube_gdata_player	Football match at Estádio do Maracanã, Rio de Janeiro.	brazil	56	11
P1170237	Marine iguana swimming and upsetting an other male	http://www.youtube.com/watch?v=USP_hN907-U&feature=youtube_gdata_player	On Galapagos Islands	galapagos islands, ecuador	68	14
P1190772	Carnival in La Paz	http://www.youtube.com/watch?v=jHYpYGkmWN4&feature=youtube_gdata_player		bolivia	62	3
P1320677	Kite surfers at the Muine beach	http://www.youtube.com/watch?v=M6QUyw_hSjU&feature=youtube_gdata_player		vietnam	64	6
P1270830	Orang utan swinging	http://www.youtube.com/watch?v=btiBtA1p8No&feature=youtube_gdata_player	An orang utan swinging casually in the Gunung Leuser National Park close to Bukit Lawang.	indonesia, sumatra	35	19
P1190164	Noisy message from the top of El Misti (5822m)	http://www.youtube.com/watch?v=uBYvmtgTVok&feature=youtube_gdata_player		peru, el_misti	35	14
P1130609	Sand movement in Lençóis Maranhenses National Park	http://www.youtube.com/watch?v=aAJPQPnzFGY&feature=youtube_gdata_player		brazil, lençóis_maranhenses	11	45
P1320753	Saigon traffic	http://www.youtube.com/watch?v=ux0m6xtKz6c&feature=youtube_gdata_player	Crazy traffic in Saigon (Ho Chi Minh City).	vietnam	30	25
P1170476	Boobie hunting, Galapagos Islands	http://www.youtube.com/watch?v=2WPG1UrLxKo&feature=youtube_gdata_player	A boobie darting for a fish	ecuador	29	31
P1160289	Bungee jumper at Banos	http://www.youtube.com/watch?v=UWJkYHpsPbo&feature=youtube_gdata_player		ecuador	29	12
P1290784	Thai boxing	http://www.youtube.com/watch?v=7e5Ob-SnygU&feature=youtube_gdata_player		thailand	16	2
P1290181	Fish massage	http://www.youtube.com/watch?v=hL1nqbv4jTk&feature=youtube_gdata_player	Fish massage in a hotel in Banglamphu, Bangkok	thailand	28	22
P1150836	Rooster fight in Otavalo	http://www.youtube.com/watch?v=QAW26iEAgoc&feature=youtube_gdata_player		P1150836, Equador, Otavalo	16	7
P1130993	Docking of an Amazonas boat	http://www.youtube.com/watch?v=3SzLBNQJd6Y&feature=youtube_gdata_player		brazil	24	4
P1290326	A child singing	http://www.youtube.com/watch?v=E04AjxNc-fw&feature=youtube_gdata_player		thailand	15	2
P1150840	Rooster fight in Otavalo	http://www.youtube.com/watch?v=yL1W9YQLGQA&feature=youtube_gdata_player		P1150840, Equador, Otavalo	14	63
P1290608	Leaving Bangkok	http://www.youtube.com/watch?v=XN_HszwxueQ&feature=youtube_gdata_player		thailand	41	4
P1310905	Karaoke on an Halong Bay cruise boat	http://www.youtube.com/watch?v=g6VNDyal0L8&feature=youtube_gdata_player		vietnam	40	13
P1170227	Baby seals playing	http://www.youtube.com/watch?v=Ylws-xYtMhY&feature=youtube_gdata_player		ecuador, galapagos	46	14
P1340936	Motobike madness in Ahmedabad	http://www.youtube.com/watch?v=dOtBcQe04So&feature=youtube_gdata_player		india	26	8
P1350269	Hong Kong Island skyscrapers in the night	http://www.youtube.com/watch?v=fe48JHqobH4&feature=youtube_gdata_player		hong_kong	35	13
P1290736	Flight of the Gibbon	http://www.youtube.com/watch?v=7muEvCCg51Q&feature=youtube_gdata_player		thailand	10	2
P1200657	Geyser at Sol de Manana, Bolivia	http://www.youtube.com/watch?v=gExvboM3TN4&feature=youtube_gdata_player	Steam coming out of the core of the Earth	bolivia, altiplano	20	11
P1350881	Fireworks in Hong Kong Disneyland	http://www.youtube.com/watch?v=HnB0zd4qm6k&feature=youtube_gdata_player		hong_kong	25	3
P1150839	Rooster fight in Otavalo	http://www.youtube.com/watch?v=Nv5X_AGMsk4&feature=youtube_gdata_player		P1150839, Equador, Otavalo	16	25
P1320135	Cyclo ride in Hue	http://www.youtube.com/watch?v=r0bcV28bIB8&feature=youtube_gdata_player		vietnam	28	2
P1160130	Quilotoa crater lake, Ecuador	http://www.youtube.com/watch?v=Y2Ml9YL4abE&feature=youtube_gdata_player	End of a hike to the Quilotoa lake	ecuador	29	56
P1280812	Fish	http://www.youtube.com/watch?v=PXkj_QgaKxU&feature=youtube_gdata_player	Fish of Bangkok	thailand	44	4
P1310666	Crazy Hanoi traffic	http://www.youtube.com/watch?v=wrXXNn8y08Q&feature=youtube_gdata_player		vietnam	47	2
P1150022	Traffic in Iquitos	http://www.youtube.com/watch?v=vs96_LWsx7g&feature=youtube_gdata_player	view from a Cafe at the Central Square	Peru	38	3
P1350880	Fireworks in Disneyland	http://www.youtube.com/watch?v=0FlVQpt2nJg&feature=youtube_gdata_player	Fireworks in Hong Kong Disneyland	hong_kong	21	4
P1350268	Hong Kong Island in the night	http://www.youtube.com/watch?v=bL430mCDY-g&feature=youtube_gdata_player		hong_kong	24	5
P1130884	Colibri	http://www.youtube.com/watch?v=2kw-aao_vTQ&feature=youtube_gdata_player		brazil	7	8
P1350711	Hawaii-inspired show in Hong Kong Disneyland	http://www.youtube.com/watch?v=vQunysBWY2Q&feature=youtube_gdata_player		hong_kong	17	12
P1310665	Crazy Hanoi traffic	http://www.youtube.com/watch?v=-Ws8sVJcoWo&feature=youtube_gdata_player		vietnam	37	3
P1220385	Woodpecker	http://www.youtube.com/watch?v=G5y9ASNMgkw&feature=youtube_gdata_player	Woodpecker in Tierra del Fuego	argentina	25	1
P1290702	Flight of the Gibbon	http://www.youtube.com/watch?v=yNlBE2QpdiI&feature=youtube_gdata_player		thailand	17	1
P1290801	Thai boxing	http://www.youtube.com/watch?v=ALZL_ToZ4fY&feature=youtube_gdata_player		thailand	35	4
P1290327	Children dancing and singing	http://www.youtube.com/watch?v=5pbPUiaaz0g&feature=youtube_gdata_player		thailand	29	1
P1160415	Waterfall close to Baños	http://www.youtube.com/watch?v=UUw4fvvAGZk&feature=youtube_gdata_player		ecuador	29	10
P1330061	Traffic	http://www.youtube.com/watch?v=xFTLG5pkzdc&feature=youtube_gdata_player		vietnam	21	1
P1310884	Jumping into Halong Bay	http://www.youtube.com/watch?v=Ls1MT5J2SQ8&feature=youtube_gdata_player		vietnam	24	10
P1190769	Carneval in La Paz, Bolivia	http://www.youtube.com/watch?v=yUpmJ_hYjn4&feature=youtube_gdata_player	Carneval	bolivia, carneval	20	10
P1180055	Flocks of birds at Ballestas Island, Peru	http://www.youtube.com/watch?v=ONTou1p7FEU&feature=youtube_gdata_player	boat trip to Ballestas Island	peru	24	7
P1330150	Boatride on the Mekong Delta	http://www.youtube.com/watch?v=YZg2OM0itWs&feature=youtube_gdata_player		vietnam	12	2
P1200100	Blowing up a dynamite at Potosi, Bolivia	http://www.youtube.com/watch?v=uTKDeBCMJ78&feature=youtube_gdata_player	Dynamite explosion	bolivia	24	5
P1270785	Orang utan at Gunung Leuser NP	http://www.youtube.com/watch?v=QfNZoD6uaZc&feature=youtube_gdata_player	An orang utan in the Gunung Leuser National Park close to Bukit Lawang. At the end of the video a fake tiger attacks the cameraman.	indonesia, sumatra	21	13
P1320719	Karaoke channel	http://www.youtube.com/watch?v=qQaHunrewuQ&feature=youtube_gdata_player		vietnam	18	5
P1290716	Flight of the Gibbon	http://www.youtube.com/watch?v=nZ7CdjyzOZA&feature=youtube_gdata_player		thailand	29	1
P1350671	Drummers in Hong Kong Disneyland	http://www.youtube.com/watch?v=rKHtDmM7g5o&feature=youtube_gdata_player		hong_kong	14	4
P1150204	Giant ant eater in the Iquitos Zoo	http://www.youtube.com/watch?v=XYkzjezjKTI&feature=youtube_gdata_player		Peru	23	3
P1350882	Fireworks in Hong Kong Disneyland	http://www.youtube.com/watch?v=scPjCdGTD0w&feature=youtube_gdata_player		hong_kong	19	6
P1290712	Flight of the Gibbon	http://www.youtube.com/watch?v=SUhbxKDsrfc&feature=youtube_gdata_player		thailand	6	5
P1290284	Floating market	http://www.youtube.com/watch?v=tqfmflwbdzk&feature=youtube_gdata_player		thailand	23	1
P1310963	Biking on Cat Ba Island	http://www.youtube.com/watch?v=1FuQuvNc-P8&feature=youtube_gdata_player		vietnam	18	4
P1290711	Flight of the Gibbon	http://www.youtube.com/watch?v=VdyzEIWX6rs&feature=youtube_gdata_player		thailand	5	2
P1270831	Swinging patch of orange fur	http://www.youtube.com/watch?v=sz0uBGIJaC8&feature=youtube_gdata_player	Observing a swinging orang utan at Bukit Lawang, Sumatra	indonesia, sumatra	21	6
P1290786	Thai boxing	http://www.youtube.com/watch?v=ywcRnX5sm9g&feature=youtube_gdata_player		thailand	20	3
P1320179	Lotus in the rain	http://www.youtube.com/watch?v=-JYdd97yz_8&feature=youtube_gdata_player	A lotus pond in the rain.	vietnam	14	7
P1290704	Flight of the Gibbon	http://www.youtube.com/watch?v=NfPpCtUziOc&feature=youtube_gdata_player		thailand	14	2
P1320772	Narrow streets of Pham Ngu Lao	http://www.youtube.com/watch?v=d1D8-85Er4M&feature=youtube_gdata_player	Narrow streets of the Pham Ngu Lao backpacker district in HCMC.	vietnam	27	47
P1180770	Virgin of Candelaria celebration at Cabanaconde	http://www.youtube.com/watch?v=b0k38E02DPI&feature=youtube_gdata_player	Brass music on the rim of the Colca Canyon	peru	17	85
P1220034	Perito Moreno	http://www.youtube.com/watch?v=DgaVMkiS_Sg&feature=youtube_gdata_player		argentina	48	22
P1130149	Football at Maracanã	http://www.youtube.com/watch?v=Ts36A7kYuT4&feature=youtube_gdata_player	Football game at Estádio Jornalista Mário Filho, Rio de Janeiro	brazil, rio_de_janeiro	69	9
P1270310	Demonstration of a Batak musical instrument	http://www.youtube.com/watch?v=uVW2KZv-_hQ&feature=youtube_gdata_player	A local guide of a Batak village (Lingga) performing some music on a traditional Batak instrument.	indonesia, sumatra	36	120
P1270904	Orang utan with her baby	http://www.youtube.com/watch?v=-7ubBMAGcNU&feature=youtube_gdata_player	An orang utan with her baby in the Gunung Leuser National Park close to Bukit Lawang.	indonesia, sumatra	33	51
P1330090	Narrow streets of Pham Ngu Lao	http://www.youtube.com/watch?v=9kqj8t8XPUc&feature=youtube_gdata_player	Narrow streets of the Pham Ngu Lao backpacker district in HCMC, in the evening.	vietnam	28	31
P1190356	Uros floating island, Peru	http://www.youtube.com/watch?v=UOfJbkhhQsU&feature=youtube_gdata_player	Floating reed islands	peru, uros floating island	72	9
P1330089	Narrow streets of Pham Ngu Lao.	http://www.youtube.com/watch?v=KKseOes8PS8&feature=youtube_gdata_player	Narrow streets of the Pham Ngu Lao backpacker district in HCMC, in the evening.	vietnam	25	15
P1290807	Thai boxing	http://www.youtube.com/watch?v=fjPSRSqVeww&feature=youtube_gdata_player		thailand	60	2
P1320515	Foot Badmington on the beach of Nha Trang	http://www.youtube.com/watch?v=EfugiXiRonQ&feature=youtube_gdata_player		vietnam	34	25
P1160296	Tungurahua erupting	http://www.youtube.com/watch?v=hz1xbl1s7hY&feature=youtube_gdata_player	The Tungurahua volcano close to Baños spitting out smoke.	ecuador	30	16
P1290778	Thai boxing	http://www.youtube.com/watch?v=9Bm9g9wHIN8&feature=youtube_gdata_player		thailand	64	15
P1310667	Crazy Hanoi traffic	http://www.youtube.com/watch?v=CAqg6z03Hr0&feature=youtube_gdata_player		vietnam	41	4
P1270879	Orang utan on the ground	http://www.youtube.com/watch?v=e8c-0eFe2f8&feature=youtube_gdata_player	An orang utan sitting on the ground in the Gunung Leuser National Park close to Bukit Lawang. Orang utans are normally arboreal. Contact with people (and the bananas they leave behind) have made them come down from the treetops.	indonesia, sumatra	30	16
P1150003	Mototaxi ride in Iquitos	http://www.youtube.com/watch?v=VkqXfb6vTH0&feature=youtube_gdata_player		peru, iquitos	20	2
P1300277	Pandas	http://www.youtube.com/watch?v=HLjGNqSPBaA&feature=youtube_gdata_player	Pandas in the Chiang Mai zoo	thailand	36	1
P1310670	Crazy Hanoi traffic	http://www.youtube.com/watch?v=uj4qvNrEsAE&feature=youtube_gdata_player		vietnam	34	1
P1310671	Crazy Hanoi traffic	http://www.youtube.com/watch?v=5gMF8MJxx04&feature=youtube_gdata_player	Trying to cross the street in Hanoi	vietnam	30	4
P1310663	Water puppet show in Hanoi	http://www.youtube.com/watch?v=VhlSIqF83ro&feature=youtube_gdata_player		vietnam	28	5
